{"point_estimate": {"Estimate_Total_weighted_mean": 0.009767543972098804, "Bronx_weighted_mean": 0.009712902092445155, "Brooklyn_weighted_mean": 0.009105537313116056, "Manhattan_weighted_mean": 0.01581422697085827, "Queens_weighted_mean": 0.007209136302423868, "Staten Island_weighted_mean": 0.004959614555161226, "Bronx_relative_to_average": 0.9944057708048476, "Brooklyn_relative_to_average": 0.9322238363222337, "Manhattan_relative_to_average": 1.619058692341897, "Queens_relative_to_average": 0.738070524485676, "Staten Island_relative_to_average": 0.5077647532817329}, "bootstrap_statistics": [{"Estimate_Total_weighted_mean": 0.009755099646155537, "Bronx_weighted_mean": 0.009636476922457783, "Brooklyn_weighted_mean": 0.009145983482042841, "Manhattan_weighted_mean": 0.0158161169725937, "Queens_weighted_mean": 0.007165521971259575, "Staten Island_weighted_mean": 0.004956393121415772, "Bronx_relative_to_average": 0.9878399270124829, "Brooklyn_relative_to_average": 0.9375592063426285, "Manhattan_relative_to_average": 1.6213178282424616, "Queens_relative_to_average": 0.7345411355263286, "Staten Island_relative_to_average": 0.5080822647843557}, {"Estimate_Total_weighted_mean": 0.009765704850399841, "Bronx_weighted_mean": 0.00976993516774096, "Brooklyn_weighted_mean": 0.009085101029994911, "Manhattan_weighted_mean": 0.015820738732761574, "Queens_weighted_mean": 0.007185059747879588, "Staten Island_weighted_mean": 0.0049790665127083435, "Bronx_relative_to_average": 1.0004331809537481, "Brooklyn_relative_to_average": 0.9303067386500972, "Manhattan_relative_to_average": 1.6200303997630872, "Queens_relative_to_average": 0.7357441022380896, "Staten Island_relative_to_average": 0.5098522420022231}, {"Estimate_Total_weighted_mean": 0.009798108774385273, "Bronx_weighted_mean": 0.009784096436755265, "Brooklyn_weighted_mean": 0.00913682111127355, "Manhattan_weighted_mean": 0.015763112983777996, "Queens_weighted_mean": 0.007273394043238959, "Staten Island_weighted_mean": 0.0049971521635408965, "Bronx_relative_to_average": 0.9985698936445123, "Brooklyn_relative_to_average": 0.9325086423983682, "Manhattan_relative_to_average": 1.6087913848218085, "Queens_relative_to_average": 0.7423263214073971, "Staten Island_relative_to_average": 0.5100119092987324}, {"Estimate_Total_weighted_mean": 0.009726111771567028, "Bronx_weighted_mean": 0.009719735853103616, "Brooklyn_weighted_mean": 0.00903415113565431, "Manhattan_weighted_mean": 0.015754331171606503, "Queens_weighted_mean": 0.007192081598086521, "Staten Island_weighted_mean": 0.004873916964877687, "Bronx_relative_to_average": 0.9993444535068935, "Brooklyn_relative_to_average": 0.9288553687059641, "Manhattan_relative_to_average": 1.619797462914436, "Queens_relative_to_average": 0.7394611296892144, "Staten Island_relative_to_average": 0.5011166928109878}, {"Estimate_Total_weighted_mean": 0.009796608976853664, "Bronx_weighted_mean": 0.009717289722241184, "Brooklyn_weighted_mean": 0.009139256758778256, "Manhattan_weighted_mean": 0.015873891995759885, "Queens_weighted_mean": 0.007244889273741434, "Staten Island_weighted_mean": 0.004922578790340401, "Bronx_relative_to_average": 0.991903396899898, "Brooklyn_relative_to_average": 0.9329000249342883, "Manhattan_relative_to_average": 1.620345573990444, "Queens_relative_to_average": 0.7395303100142969, "Staten Island_relative_to_average": 0.5024778269675683}, {"Estimate_Total_weighted_mean": 0.0097812695124673, "Bronx_weighted_mean": 0.009636831679676255, "Brooklyn_weighted_mean": 0.009125972668234717, "Manhattan_weighted_mean": 0.015837627896011272, "Queens_weighted_mean": 0.007282648345856086, "Staten Island_weighted_mean": 0.004916178434077594, "Bronx_relative_to_average": 0.9852332222717161, "Brooklyn_relative_to_average": 0.93300492912527, "Manhattan_relative_to_average": 1.619179174628046, "Queens_relative_to_average": 0.7445504222712147, "Staten Island_relative_to_average": 0.5026114890108473}, {"Estimate_Total_weighted_mean": 0.00972894936932193, "Bronx_weighted_mean": 0.009681384678296207, "Brooklyn_weighted_mean": 0.009046042755315899, "Manhattan_weighted_mean": 0.01567561412979524, "Queens_weighted_mean": 0.007230283424967049, "Staten Island_weighted_mean": 0.005015218457090028, "Bronx_relative_to_average": 0.9951110146409327, "Brooklyn_relative_to_average": 0.9298067460234274, "Manhattan_relative_to_average": 1.611234012505481, "Queens_relative_to_average": 0.743172068277602, "Staten Island_relative_to_average": 0.5154943526486426}, {"Estimate_Total_weighted_mean": 0.009782679414467614, "Bronx_weighted_mean": 0.00974322076461329, "Brooklyn_weighted_mean": 0.00908262481224826, "Manhattan_weighted_mean": 0.01584231975821633, "Queens_weighted_mean": 0.007228089379140324, "Staten Island_weighted_mean": 0.005079155514127239, "Bronx_relative_to_average": 0.9959664782844699, "Brooklyn_relative_to_average": 0.9284393801984308, "Manhattan_relative_to_average": 1.6194254239576849, "Queens_relative_to_average": 0.7388660174686595, "Staten Island_relative_to_average": 0.5191988103602446}, {"Estimate_Total_weighted_mean": 0.009782346106852817, "Bronx_weighted_mean": 0.009863754335925314, "Brooklyn_weighted_mean": 0.009130723771373885, "Manhattan_weighted_mean": 0.015793708542863896, "Queens_weighted_mean": 0.007167068085750339, "Staten Island_weighted_mean": 0.004901309230600121, "Bronx_relative_to_average": 1.0083219534642582, "Brooklyn_relative_to_average": 0.9333879287891428, "Manhattan_relative_to_average": 1.6145113217574611, "Queens_relative_to_average": 0.7326532927238794, "Staten Island_relative_to_average": 0.5010361703688455}, {"Estimate_Total_weighted_mean": 0.009736817546462592, "Bronx_weighted_mean": 0.009650303579184356, "Brooklyn_weighted_mean": 0.00909402049944072, "Manhattan_weighted_mean": 0.015784321375626263, "Queens_weighted_mean": 0.007175192208742365, "Staten Island_weighted_mean": 0.004907587865064164, "Bronx_relative_to_average": 0.9911147593281475, "Brooklyn_relative_to_average": 0.9339828394694114, "Manhattan_relative_to_average": 1.6210965544240625, "Queens_relative_to_average": 0.7369134909330953, "Staten Island_relative_to_average": 0.5040238087697455}, {"Estimate_Total_weighted_mean": 0.00974710683205008, "Bronx_weighted_mean": 0.009750813681332344, "Brooklyn_weighted_mean": 0.00901402092410033, "Manhattan_weighted_mean": 0.015771205943445964, "Queens_weighted_mean": 0.00723716113379234, "Staten Island_weighted_mean": 0.004995492466108346, "Bronx_relative_to_average": 1.00038030251911, "Brooklyn_relative_to_average": 0.9247893841135255, "Manhattan_relative_to_average": 1.6180397132395903, "Queens_relative_to_average": 0.7424932606663724, "Staten Island_relative_to_average": 0.5125102814798695}, {"Estimate_Total_weighted_mean": 0.009779772039528133, "Bronx_weighted_mean": 0.009752829621503544, "Brooklyn_weighted_mean": 0.00908293312640243, "Manhattan_weighted_mean": 0.01585127556348033, "Queens_weighted_mean": 0.0072214362471667536, "Staten Island_weighted_mean": 0.005009742919760694, "Bronx_relative_to_average": 0.9972450873174045, "Brooklyn_relative_to_average": 0.9287469165631671, "Manhattan_relative_to_average": 1.6208226019392107, "Queens_relative_to_average": 0.7384053757059947, "Staten Island_relative_to_average": 0.512255592411785}, {"Estimate_Total_weighted_mean": 0.00979614444859095, "Bronx_weighted_mean": 0.009809239166432584, "Brooklyn_weighted_mean": 0.009101784764579637, "Manhattan_weighted_mean": 0.015854812367533284, "Queens_weighted_mean": 0.0072041846916716295, "Staten Island_weighted_mean": 0.005092061175299679, "Bronx_relative_to_average": 1.0013367215959659, "Brooklyn_relative_to_average": 0.9291190847934885, "Manhattan_relative_to_average": 1.6184747428682307, "Queens_relative_to_average": 0.7354102146490764, "Staten Island_relative_to_average": 0.5198025817220474}, {"Estimate_Total_weighted_mean": 0.009752033984097967, "Bronx_weighted_mean": 0.009726305361652362, "Brooklyn_weighted_mean": 0.009066846060939581,