{"point_estimate": {"Estimate_Total_weighted_mean": 0.009160056162988591, "density_cbg_quartile_1_weighted_mean": 0.005714365944381988, "density_cbg_quartile_2_weighted_mean": 0.007984731964119692, "density_cbg_quartile_3_weighted_mean": 0.009652309603371477, "density_cbg_quartile_4_weighted_mean": 0.01133670280534744, "density_cbg_quartile_1_relative_to_average": 0.6238352519574072, "density_cbg_quartile_2_relative_to_average": 0.8716902846493647, "density_cbg_quartile_3_relative_to_average": 1.0537391290647156, "density_cbg_quartile_4_relative_to_average": 1.2376237223472097}, "bootstrap_statistics": [{"Estimate_Total_weighted_mean": 0.009161535800019502, "density_cbg_quartile_1_weighted_mean": 0.005744720030448805, "density_cbg_quartile_2_weighted_mean": 0.007986385724878722, "density_cbg_quartile_3_weighted_mean": 0.009665741938229071, "density_cbg_quartile_4_weighted_mean": 0.011314731401412526, "density_cbg_quartile_1_relative_to_average": 0.6270477085770463, "density_cbg_quartile_2_relative_to_average": 0.8717300133086552, "density_cbg_quartile_3_relative_to_average": 1.0550351108390033, "density_cbg_quartile_4_relative_to_average": 1.2350256167081113}, {"Estimate_Total_weighted_mean": 0.009124810868996637, "density_cbg_quartile_1_weighted_mean": 0.005601051492592999, "density_cbg_quartile_2_weighted_mean": 0.007998880437473451, "density_cbg_quartile_3_weighted_mean": 0.00965568117526145, "density_cbg_quartile_4_weighted_mean": 0.011284789106058535, "density_cbg_quartile_1_relative_to_average": 0.6138265847924242, "density_cbg_quartile_2_relative_to_average": 0.8766078061575217, "density_cbg_quartile_3_relative_to_average": 1.0581787736629753, "density_cbg_quartile_4_relative_to_average": 1.236714850101809}, {"Estimate_Total_weighted_mean": 0.009159432468770446, "density_cbg_quartile_1_weighted_mean": 0.005734654524335687, "density_cbg_quartile_2_weighted_mean": 0.00791774431814153, "density_cbg_quartile_3_weighted_mean": 0.00962965951216263, "density_cbg_quartile_4_weighted_mean": 0.011381437915858066, "density_cbg_quartile_1_relative_to_average": 0.6260927785524142, "density_cbg_quartile_2_relative_to_average": 0.8644361258339405, "density_cbg_quartile_3_relative_to_average": 1.0513380108424235, "density_cbg_quartile_4_relative_to_average": 1.2425920442848026}, {"Estimate_Total_weighted_mean": 0.009151381068709136, "density_cbg_quartile_1_weighted_mean": 0.005680738972299861, "density_cbg_quartile_2_weighted_mean": 0.00789708820622858, "density_cbg_quartile_3_weighted_mean": 0.00967000201784452, "density_cbg_quartile_4_weighted_mean": 0.011371392854375816, "density_cbg_quartile_1_relative_to_average": 0.62075209519181, "density_cbg_quartile_2_relative_to_average": 0.8629395002717898, "density_cbg_quartile_3_relative_to_average": 1.0566713313806457, "density_cbg_quartile_4_relative_to_average": 1.242587623550882}, {"Estimate_Total_weighted_mean": 0.009206821458221116, "density_cbg_quartile_1_weighted_mean": 0.005803835079129103, "density_cbg_quartile_2_weighted_mean": 0.007986463777387489, "density_cbg_quartile_3_weighted_mean": 0.009627899533504654, "density_cbg_quartile_4_weighted_mean": 0.011438496840622286, "density_cbg_quartile_1_relative_to_average": 0.6303842325460369, "density_cbg_quartile_2_relative_to_average": 0.8674507063733788, "density_cbg_quartile_3_relative_to_average": 1.045735444875771, "density_cbg_quartile_4_relative_to_average": 1.242393685217869}, {"Estimate_Total_weighted_mean": 0.009172373347950714, "density_cbg_quartile_1_weighted_mean": 0.005704688215786868, "density_cbg_quartile_2_weighted_mean": 0.008047729563489496, "density_cbg_quartile_3_weighted_mean": 0.009722934935620783, "density_cbg_quartile_4_weighted_mean": 0.011288600519302732, "density_cbg_quartile_1_relative_to_average": 0.6219424351126533, "density_cbg_quartile_2_relative_to_average": 0.8773879189389423, "density_cbg_quartile_3_relative_to_average": 1.0600238964098725, "density_cbg_quartile_4_relative_to_average": 1.2307175134584796}, {"Estimate_Total_weighted_mean": 0.009149625861383435, "density_cbg_quartile_1_weighted_mean": 0.005708509134949025, "density_cbg_quartile_2_weighted_mean": 0.008013362569087442, "density_cbg_quartile_3_weighted_mean": 0.009610495010706857, "density_cbg_quartile_4_weighted_mean": 0.011321619760520579, "density_cbg_quartile_1_relative_to_average": 0.6239062909711033, "density_cbg_quartile_2_relative_to_average": 0.875813141486838, "density_cbg_quartile_3_relative_to_average": 1.050370272654377, "density_cbg_quartile_4_relative_to_average": 1.2373860890098445}, {"Estimate_Total_weighted_mean": 0.00917285326558501, "density_cbg_quartile_1_weighted_mean": 0.0057818518192687945, "density_cbg_quartile_2_weighted_mean": 0.007998588147783892, "density_cbg_quartile_3_weighted_mean": 0.009630897901997311, "density_cbg_quartile_4_weighted_mean": 0.011344157772042555, "density_cbg_quartile_1_relative_to_average": 0.6303220657591158, "density_cbg_quartile_2_relative_to_average": 0.8719847484962218, "density_cbg_quartile_3_relative_to_average": 1.0499348047058386, "density_cbg_quartile_4_relative_to_average": 1.2367098266581797}, {"Estimate_Total_weighted_mean": 0.009184120996932745, "density_cbg_quartile_1_weighted_mean": 0.005644948941629523, "density_cbg_quartile_2_weighted_mean": 0.008024668872676782, "density_cbg_quartile_3_weighted_mean": 0.009769042361488503, "density_cbg_quartile_4_weighted_mean": 0.011335219259952376, "density_cbg_quartile_1_relative_to_average": 0.6146422660932699, "density_cbg_quartile_2_relative_to_average": 0.8737546985015562, "density_cbg_quartile_3_relative_to_average": 1.063688333891845, "density_cbg_quartile_4_relative_to_average": 1.2342192860632}, {"Estimate_Total_weighted_mean": 0.00912744882501921, "density_cbg_quartile_1_weighted_mean": 0.005714528187632513, "density_cbg_quartile_2_weighted_mean": 0.007983076830945887, "density_cbg_quartile_3_weighted_mean": 0.00963213868224793, "density_cbg_quartile_4_weighted_mean": 0.011259296672429156, "density_cbg_quartile_1_relative_to_average": 0.6260816463816751, "density_cbg_quartile_2_relative_to_average": 0.8746230172294704, "density_cbg_quartile_3_relative_to_average": 1.0552936386611467, "density_cbg_quartile_4_relative_to_average": 1.2335644809715445}, {"Estimate_Total_weighted_mean": 0.009169586936863247, "density_cbg_quartile_1_weighted_mean": 0.00582886741379271, "density_cbg_quartile_2_weighted_mean": 0.007988521439114984, "density_cbg_quartile_3_weighted_mean": 0.00962347192462389, "density_cbg_quartile_4_weighted_mean": 0.01132179898053602, "density_cbg_quartile_1_relative_to_average": 0.6356739353612216, "density_cbg_quartile_2_relative_to_average": 0.8711975243944539, "density_cbg_quartile_3_relative_to_average": 1.049498956810797, "density_cbg_quartile_4_relative_to_average": 1.2347119950431493}, {"Estimate_Total_weighted_mean": 0.009156057170008293, "density_cbg_quartile_1_weighted_mean": 0.00566942110412182, "density_cbg_quartile_2_weighted_mean": 0.007972579256625511, "density_cbg_quartile_3_weighted_mean": 0.009620064976111228, "density_cbg_quartile_4_weighted_mean": 0.011378617011183123, "density_cbg_quartile_1_relative_to_average": 0.6191989629217971, "density_cbg_quartile_2_relative_to_average": 0.8707437173656585, "density_cbg_quartile_3_relative_to_average": 1.0506776877303525, "density_cbg_quartile_4_relative_to_average": 1.242742023111769}, {"Estimate_Total_weighted_mean": 0.009206299953528521, "density_cbg_quartile_1_weighted_mean": 0.005758884254748268, "density_cbg_quartile_2_weighted_mean": 0.008092136898274028, "density_cbg_quartile_3_weighted_mean": 0.0097430846885254, "density_cbg_quartile_4_weighted_mean": 0.01131508870512601, "density_cbg_quartile_1_relative_to_average": 0.6255373259417912, "density_cbg_quartile_2_relative_to_average": 0.8789781930983613, "density_cbg_quartile_3_relative_to_average": 1.0583062400428465,