{"point_estimate": {"Estimate_Total_weighted_mean": 0.009767543972098804, "density_cbg_quartile_1_weighted_mean": 0.006305463175654746, "density_cbg_quartile_2_weighted_mean": 0.007663294803062512, "density_cbg_quartile_3_weighted_mean": 0.010186635452827894, "density_cbg_quartile_4_weighted_mean": 0.011868986982505233, "density_cbg_quartile_1_relative_to_average": 0.6455525763350987, "density_cbg_quartile_2_relative_to_average": 0.7845672182232172, "density_cbg_quartile_3_relative_to_average": 1.0429065363745722, "density_cbg_quartile_4_relative_to_average": 1.215145487587181}, "bootstrap_statistics": [{"Estimate_Total_weighted_mean": 0.009801044877555945, "density_cbg_quartile_1_weighted_mean": 0.006330204555269246, "density_cbg_quartile_2_weighted_mean": 0.007701683785341869, "density_cbg_quartile_3_weighted_mean": 0.010291858836123718, "density_cbg_quartile_4_weighted_mean": 0.011853177880348318, "density_cbg_quartile_1_relative_to_average": 0.6458703775313994, "density_cbg_quartile_2_relative_to_average": 0.7858023181771628, "density_cbg_quartile_3_relative_to_average": 1.0500777177024994, "density_cbg_quartile_4_relative_to_average": 1.2093790027930273}, {"Estimate_Total_weighted_mean": 0.009754529004720272, "density_cbg_quartile_1_weighted_mean": 0.0063113015559905635, "density_cbg_quartile_2_weighted_mean": 0.00761497611669018, "density_cbg_quartile_3_weighted_mean": 0.01016016258371258, "density_cbg_quartile_4_weighted_mean": 0.011879727790436539, "density_cbg_quartile_1_relative_to_average": 0.6470124342176325, "density_cbg_quartile_2_relative_to_average": 0.7806605642369047, "density_cbg_quartile_3_relative_to_average": 1.0415841276186701, "density_cbg_quartile_4_relative_to_average": 1.2178679036873918}, {"Estimate_Total_weighted_mean": 0.009749248969792413, "density_cbg_quartile_1_weighted_mean": 0.006321799901820402, "density_cbg_quartile_2_weighted_mean": 0.00761634899540915, "density_cbg_quartile_3_weighted_mean": 0.010158498157879352, "density_cbg_quartile_4_weighted_mean": 0.011862796458697889, "density_cbg_quartile_1_relative_to_average": 0.6484396820112195, "density_cbg_quartile_2_relative_to_average": 0.7812241762425031, "density_cbg_quartile_3_relative_to_average": 1.0419775091758328, "density_cbg_quartile_4_relative_to_average": 1.2167908005482475}, {"Estimate_Total_weighted_mean": 0.009795767434664968, "density_cbg_quartile_1_weighted_mean": 0.006346021631076723, "density_cbg_quartile_2_weighted_mean": 0.007739210325451054, "density_cbg_quartile_3_weighted_mean": 0.010199777415928079, "density_cbg_quartile_4_weighted_mean": 0.011875426470146933, "density_cbg_quartile_1_relative_to_average": 0.6478330231299299, "density_cbg_quartile_2_relative_to_average": 0.7900565603531755, "density_cbg_quartile_3_relative_to_average": 1.0412433210524592, "density_cbg_quartile_4_relative_to_average": 1.212301797623587}, {"Estimate_Total_weighted_mean": 0.009728958648591557, "density_cbg_quartile_1_weighted_mean": 0.006149574348817843, "density_cbg_quartile_2_weighted_mean": 0.007727499271735915, "density_cbg_quartile_3_weighted_mean": 0.010174785178298588, "density_cbg_quartile_4_weighted_mean": 0.011790502631891018, "density_cbg_quartile_1_relative_to_average": 0.6320896789614895, "density_cbg_quartile_2_relative_to_average": 0.7942781494764202, "density_cbg_quartile_3_relative_to_average": 1.0458246916047458, "density_cbg_quartile_4_relative_to_average": 1.2118977022888167}, {"Estimate_Total_weighted_mean": 0.009761008795684409, "density_cbg_quartile_1_weighted_mean": 0.006357714022589336, "density_cbg_quartile_2_weighted_mean": 0.007688497202053514, "density_cbg_quartile_3_weighted_mean": 0.010240780239377975, "density_cbg_quartile_4_weighted_mean": 0.011782470830025607, "density_cbg_quartile_1_relative_to_average": 0.6513378028508943, "density_cbg_quartile_2_relative_to_average": 0.7876744466671104, "density_cbg_quartile_3_relative_to_average": 1.0491518298708722, "density_cbg_quartile_4_relative_to_average": 1.207095606269194}, {"Estimate_Total_weighted_mean": 0.009779638734912307, "density_cbg_quartile_1_weighted_mean": 0.006272175664444705, "density_cbg_quartile_2_weighted_mean": 0.007665290262045244, "density_cbg_quartile_3_weighted_mean": 0.010153314816217625, "density_cbg_quartile_4_weighted_mean": 0.011933370665452227, "density_cbg_quartile_1_relative_to_average": 0.6413504460091844, "density_cbg_quartile_2_relative_to_average": 0.7838009633915151, "density_cbg_quartile_3_relative_to_average": 1.0382095997034464, "density_cbg_quartile_4_relative_to_average": 1.2202261237781022}, {"Estimate_Total_weighted_mean": 0.009761025328742023, "density_cbg_quartile_1_weighted_mean": 0.006324092124514953, "density_cbg_quartile_2_weighted_mean": 0.007701302937855828, "density_cbg_quartile_3_weighted_mean": 0.010167163305339217, "density_cbg_quartile_4_weighted_mean": 0.011836759411688115, "density_cbg_quartile_1_relative_to_average": 0.6478921948796937, "density_cbg_quartile_2_relative_to_average": 0.7889850377888891, "density_cbg_quartile_3_relative_to_average": 1.041608126494795, "density_cbg_quartile_4_relative_to_average": 1.212655332102658}, {"Estimate_Total_weighted_mean": 0.009773024984080593, "density_cbg_quartile_1_weighted_mean": 0.006251036356266833, "density_cbg_quartile_2_weighted_mean": 0.0076619297661835095, "density_cbg_quartile_3_weighted_mean": 0.010240720331805208, "density_cbg_quartile_4_weighted_mean": 0.011864924336658825, "density_cbg_quartile_1_relative_to_average": 0.6396214443787084, "density_cbg_quartile_2_relative_to_average": 0.7839875349407298, "density_cbg_quartile_3_relative_to_average": 1.0478557405190767, "density_cbg_quartile_4_relative_to_average": 1.2140482968155462}, {"Estimate_Total_weighted_mean": 0.009779741758574089, "density_cbg_quartile_1_weighted_mean": 0.006364607759726223, "density_cbg_quartile_2_weighted_mean": 0.0076958079449991, "density_cbg_quartile_3_weighted_mean": 0.010092293122570636, "density_cbg_quartile_4_weighted_mean": 0.011926859133150973, "density_cbg_quartile_1_relative_to_average": 0.6507950738214788, "density_cbg_quartile_2_relative_to_average": 0.786913206399549, "density_cbg_quartile_3_relative_to_average": 1.031959061058287, "density_cbg_quartile_4_relative_to_average": 1.2195474510044668}, {"Estimate_Total_weighted_mean": 0.009785122099016821, "density_cbg_quartile_1_weighted_mean": 0.006339622920283042, "density_cbg_quartile_2_weighted_mean": 0.007669108465403275, "density_cbg_quartile_3_weighted_mean": 0.010225094947987382, "density_cbg_quartile_4_weighted_mean": 0.011873601582758143, "density_cbg_quartile_1_relative_to_average": 0.6478838849563285, "density_cbg_quartile_2_relative_to_average": 0.7837519437978033, "density_cbg_quartile_3_relative_to_average": 1.0449634500743499, "density_cbg_quartile_4_relative_to_average": 1.2134341771730335}, {"Estimate_Total_weighted_mean": 0.009704881554469481, "density_cbg_quartile_1_weighted_mean": 0.006268264587567269, "density_cbg_quartile_2_weighted_mean": 0.007690369483617398, "density_cbg_quartile_3_weighted_mean": 0.010136611158692169, "density_cbg_quartile_4_weighted_mean": 0.01173636515843492, "density_cbg_quartile_1_relative_to_average": 0.6458877990819462, "density_cbg_quartile_2_relative_to_average": 0.7924228070641088, "density_cbg_quartile_3_relative_to_average": 1.0444858189973334, "density_cbg_quartile_4_relative_to_average": 1.2093259554548463}, {"Estimate_Total_weighted_mean": 0.00979742324758188, "density_cbg_quartile_1_weighted_mean": 0.006359496516177399, "density_cbg_quartile_2_weighted_mean": 0.007644397269669777, "density_cbg_quartile_3_weighted_mean": 0.010238446040941995, "density_cbg_quartile_4_weighted_mean": 0.011904374907317179, "density_cbg_quartile_1_relative_to_average": 0.6490988860511867, "density_cbg_quartile_2_relative_to_average": 0.7802456907796144, "density_cbg_quartile_3_relative_to_average": 1.0450141616030484,