{"point_estimate": {"Estimate_Total_weighted_mean": 0.009524035393801143, "median_household_income_quartile_1_weighted_mean": 0.010688345565657162, "median_household_income_quartile_2_weighted_mean": 0.008400039906299405, "median_household_income_quartile_3_weighted_mean": 0.00862107648299057, "median_household_income_quartile_4_weighted_mean": 0.011012288062615692, "median_household_income_quartile_1_relative_to_average": 1.1222496687290586, "median_household_income_quartile_2_relative_to_average": 0.8819832727382233, "median_household_income_quartile_3_relative_to_average": 0.9051915628748842, "median_household_income_quartile_4_relative_to_average": 1.1562628242418336}, "bootstrap_statistics": [{"Estimate_Total_weighted_mean": 0.009524973333666585, "median_household_income_quartile_1_weighted_mean": 0.010715572401157175, "median_household_income_quartile_2_weighted_mean": 0.008418807621852892, "median_household_income_quartile_3_weighted_mean": 0.008615193961338178, "median_household_income_quartile_4_weighted_mean": 0.01094259147583838, "median_household_income_quartile_1_relative_to_average": 1.1249976273720732, "median_household_income_quartile_2_relative_to_average": 0.8838667917416752, "median_household_income_quartile_3_relative_to_average": 0.9044848378616728, "median_household_income_quartile_4_relative_to_average": 1.1488317176869294}, {"Estimate_Total_weighted_mean": 0.009489930552967365, "median_household_income_quartile_1_weighted_mean": 0.010592212261228875, "median_household_income_quartile_2_weighted_mean": 0.008427980602887696, "median_household_income_quartile_3_weighted_mean": 0.008622987351364608, "median_household_income_quartile_4_weighted_mean": 0.010915918320071353, "median_household_income_quartile_1_relative_to_average": 1.1161527686750925, "median_household_income_quartile_2_relative_to_average": 0.888097184257306, "median_household_income_quartile_3_relative_to_average": 0.9086459909517803, "median_household_income_quartile_4_relative_to_average": 1.1502632457787694}, {"Estimate_Total_weighted_mean": 0.009550438158926084, "median_household_income_quartile_1_weighted_mean": 0.01074172596137495, "median_household_income_quartile_2_weighted_mean": 0.008438029982219531, "median_household_income_quartile_3_weighted_mean": 0.008643615376391795, "median_household_income_quartile_4_weighted_mean": 0.010973260372942772, "median_household_income_quartile_1_relative_to_average": 1.1247364552939867, "median_household_income_quartile_2_relative_to_average": 0.8835228124411373, "median_household_income_quartile_3_relative_to_average": 0.9050490912098363, "median_household_income_quartile_4_relative_to_average": 1.1489797839994265}, {"Estimate_Total_weighted_mean": 0.00953773668917628, "median_household_income_quartile_1_weighted_mean": 0.010601383737574683, "median_household_income_quartile_2_weighted_mean": 0.008457900372757517, "median_household_income_quartile_3_weighted_mean": 0.008684176403644711, "median_household_income_quartile_4_weighted_mean": 0.011046163882817556, "median_household_income_quartile_1_relative_to_average": 1.1115198587528068, "median_household_income_quartile_2_relative_to_average": 0.8867827502887351, "median_household_income_quartile_3_relative_to_average": 0.910507040260378, "median_household_income_quartile_4_relative_to_average": 1.1581535790721804}, {"Estimate_Total_weighted_mean": 0.009541408185536077, "median_household_income_quartile_1_weighted_mean": 0.010726422466790831, "median_household_income_quartile_2_weighted_mean": 0.008395655175998024, "median_household_income_quartile_3_weighted_mean": 0.008695155600246786, "median_household_income_quartile_4_weighted_mean": 0.010932672441907704, "median_household_income_quartile_1_relative_to_average": 1.1241970009260405, "median_household_income_quartile_2_relative_to_average": 0.8799178289767633, "median_household_income_quartile_3_relative_to_average": 0.9113073700617761, "median_household_income_quartile_4_relative_to_average": 1.1458133044219467}, {"Estimate_Total_weighted_mean": 0.009481979741762578, "median_household_income_quartile_1_weighted_mean": 0.0106518510970783, "median_household_income_quartile_2_weighted_mean": 0.008305371466785701, "median_household_income_quartile_3_weighted_mean": 0.008637223662063513, "median_household_income_quartile_4_weighted_mean": 0.01095656798135961, "median_household_income_quartile_1_relative_to_average": 1.123378385862092, "median_household_income_quartile_2_relative_to_average": 0.875911116979653, "median_household_income_quartile_3_relative_to_average": 0.9109093140139913, "median_household_income_quartile_4_relative_to_average": 1.1555148059536906}, {"Estimate_Total_weighted_mean": 0.009520030492780435, "median_household_income_quartile_1_weighted_mean": 0.010685432977789896, "median_household_income_quartile_2_weighted_mean": 0.008418775357933226, "median_household_income_quartile_3_weighted_mean": 0.008592313656955267, "median_household_income_quartile_4_weighted_mean": 0.011006944766129404, "median_household_income_quartile_1_relative_to_average": 1.122415835316205, "median_household_income_quartile_2_relative_to_average": 0.884322310135209, "median_household_income_quartile_3_relative_to_average": 0.9025510646705693, "median_household_income_quartile_4_relative_to_average": 1.1561879738175815}, {"Estimate_Total_weighted_mean": 0.009521588056633825, "median_household_income_quartile_1_weighted_mean": 0.010673340102925873, "median_household_income_quartile_2_weighted_mean": 0.008364992304259111, "median_household_income_quartile_3_weighted_mean": 0.008653772173810359, "median_household_income_quartile_4_weighted_mean": 0.011032963703991275, "median_household_income_quartile_1_relative_to_average": 1.1209621797794125, "median_household_income_quartile_2_relative_to_average": 0.8785291124237519, "median_household_income_quartile_3_relative_to_average": 0.9088580730796427, "median_household_income_quartile_4_relative_to_average": 1.1587314677307903}, {"Estimate_Total_weighted_mean": 0.00950397771700796, "median_household_income_quartile_1_weighted_mean": 0.010568212111040622, "median_household_income_quartile_2_weighted_mean": 0.008448138443800417, "median_household_income_quartile_3_weighted_mean": 0.008564270962357763, "median_household_income_quartile_4_weighted_mean": 0.011116609047017442, "median_household_income_quartile_1_relative_to_average": 1.1119777871667509, "median_household_income_quartile_2_relative_to_average": 0.8889055399069326, "median_household_income_quartile_3_relative_to_average": 0.9011248992126178, "median_household_income_quartile_4_relative_to_average": 1.1696796202629534}, {"Estimate_Total_weighted_mean": 0.009508310730070581, "median_household_income_quartile_1_weighted_mean": 0.010675040280840249, "median_household_income_quartile_2_weighted_mean": 0.00834882310236788, "median_household_income_quartile_3_weighted_mean": 0.00864852276548039, "median_household_income_quartile_4_weighted_mean": 0.010983033913507939, "median_household_income_quartile_1_relative_to_average": 1.1227062917790243, "median_household_income_quartile_2_relative_to_average": 0.8780553496179132, "median_household_income_quartile_3_relative_to_average": 0.9095751086603573, "median_household_income_quartile_4_relative_to_average": 1.1550983371602972}, {"Estimate_Total_weighted_mean": 0.009538679892186238, "median_household_income_quartile_1_weighted_mean": 0.010793383024621692, "median_household_income_quartile_2_weighted_mean": 0.008356438231914958, "median_household_income_quartile_3_weighted_mean": 0.008616396998961141, "median_household_income_quartile_4_weighted_mean": 0.010999888047983127, "median_household_income_quartile_1_relative_to_average": 1.1315384462647986, "median_household_income_quartile_2_relative_to_average": 0.8760581470775918, "median_household_income_quartile_3_relative_to_average": 0.9033112649077784,