{"point_estimate": {"Estimate_Total_weighted_mean": 0.009011195795853813, "median_household_income_quartile_1_weighted_mean": 0.010761391831527595, "median_household_income_quartile_2_weighted_mean": 0.008563259582311473, "median_household_income_quartile_3_weighted_mean": 0.008304485978890486, "median_household_income_quartile_4_weighted_mean": 0.008191405162297069, "median_household_income_quartile_1_relative_to_average": 1.1942246151702833, "median_household_income_quartile_2_relative_to_average": 0.9502911462928769, "median_household_income_quartile_3_relative_to_average": 0.9215742468620541, "median_household_income_quartile_4_relative_to_average": 0.9090253222625634}, "bootstrap_statistics": [{"Estimate_Total_weighted_mean": 0.00899699882429612, "median_household_income_quartile_1_weighted_mean": 0.010708925801062379, "median_household_income_quartile_2_weighted_mean": 0.00866640772997485, "median_household_income_quartile_3_weighted_mean": 0.008235911137882917, "median_household_income_quartile_4_weighted_mean": 0.00815022376282724, "median_household_income_quartile_1_relative_to_average": 1.190277559239338, "median_household_income_quartile_2_relative_to_average": 0.9632554031875031, "median_household_income_quartile_3_relative_to_average": 0.9154064926230835, "median_household_income_quartile_4_relative_to_average": 0.9058824972631774}, {"Estimate_Total_weighted_mean": 0.00902600733184114, "median_household_income_quartile_1_weighted_mean": 0.0107682322349085, "median_household_income_quartile_2_weighted_mean": 0.008575502352196378, "median_household_income_quartile_3_weighted_mean": 0.008327816160013156, "median_household_income_quartile_4_weighted_mean": 0.008208871197396515, "median_household_income_quartile_1_relative_to_average": 1.193022766214835, "median_household_income_quartile_2_relative_to_average": 0.9500881216819411, "median_household_income_quartile_3_relative_to_average": 0.9226467311449029, "median_household_income_quartile_4_relative_to_average": 0.9094687047769167}, {"Estimate_Total_weighted_mean": 0.009018685275091837, "median_household_income_quartile_1_weighted_mean": 0.010799319285230938, "median_household_income_quartile_2_weighted_mean": 0.008487901347815973, "median_household_income_quartile_3_weighted_mean": 0.008338578217838642, "median_household_income_quartile_4_weighted_mean": 0.00822878763375537, "median_household_income_quartile_1_relative_to_average": 1.19743831343765, "median_household_income_quartile_2_relative_to_average": 0.941146196913889, "median_household_income_quartile_3_relative_to_average": 0.9245891128797297, "median_household_income_quartile_4_relative_to_average": 0.9124154333760779}, {"Estimate_Total_weighted_mean": 0.009042194707419487, "median_household_income_quartile_1_weighted_mean": 0.010799855737566744, "median_household_income_quartile_2_weighted_mean": 0.008627324628266899, "median_household_income_quartile_3_weighted_mean": 0.00836060868871773, "median_household_income_quartile_4_weighted_mean": 0.00813811524139381, "median_household_income_quartile_1_relative_to_average": 1.1943843377653685, "median_household_income_quartile_2_relative_to_average": 0.9541184311357318, "median_household_income_quartile_3_relative_to_average": 0.9246216166809051, "median_household_income_quartile_4_relative_to_average": 0.9000154834883347}, {"Estimate_Total_weighted_mean": 0.00900198624527367, "median_household_income_quartile_1_weighted_mean": 0.010748777960388792, "median_household_income_quartile_2_weighted_mean": 0.00855790568489316, "median_household_income_quartile_3_weighted_mean": 0.008370650149597357, "median_household_income_quartile_4_weighted_mean": 0.008083699141608162, "median_household_income_quartile_1_relative_to_average": 1.1940451437628272, "median_household_income_quartile_2_relative_to_average": 0.9506686026527017, "median_household_income_quartile_3_relative_to_average": 0.9298670228464542, "median_household_income_quartile_4_relative_to_average": 0.8979906124442661}, {"Estimate_Total_weighted_mean": 0.008979833804142873, "median_household_income_quartile_1_weighted_mean": 0.010718019192460468, "median_household_income_quartile_2_weighted_mean": 0.008459313944642565, "median_household_income_quartile_3_weighted_mean": 0.008280929349739289, "median_household_income_quartile_4_weighted_mean": 0.008257355835159928, "median_household_income_quartile_1_relative_to_average": 1.1935654296314122, "median_household_income_quartile_2_relative_to_average": 0.9420345776043021, "median_household_income_quartile_3_relative_to_average": 0.9221695557348575, "median_household_income_quartile_4_relative_to_average": 0.9195443941680048}, {"Estimate_Total_weighted_mean": 0.00902909491263178, "median_household_income_quartile_1_weighted_mean": 0.010786025539383993, "median_household_income_quartile_2_weighted_mean": 0.00857519708608581, "median_household_income_quartile_3_weighted_mean": 0.008342940609815963, "median_household_income_quartile_4_weighted_mean": 0.008181204918243609, "median_household_income_quartile_1_relative_to_average": 1.1945854644073186, "median_household_income_quartile_2_relative_to_average": 0.9497294212833045, "median_household_income_quartile_3_relative_to_average": 0.9240063030176058, "median_household_income_quartile_4_relative_to_average": 0.906093578305178}, {"Estimate_Total_weighted_mean": 0.00903929155177405, "median_household_income_quartile_1_weighted_mean": 0.01077248245337646, "median_household_income_quartile_2_weighted_mean": 0.00858013966934545, "median_household_income_quartile_3_weighted_mean": 0.008372131099299244, "median_household_income_quartile_4_weighted_mean": 0.008204581500419717, "median_household_income_quartile_1_relative_to_average": 1.1917396835443652, "median_household_income_quartile_2_relative_to_average": 0.9492048818429264, "median_household_income_quartile_3_relative_to_average": 0.9261932808944668, "median_household_income_quartile_4_relative_to_average": 0.9076575806219556}, {"Estimate_Total_weighted_mean": 0.009044215262486362, "median_household_income_quartile_1_weighted_mean": 0.010855270275091315, "median_household_income_quartile_2_weighted_mean": 0.008590609480328805, "median_household_income_quartile_3_weighted_mean": 0.008332941305990979, "median_household_income_quartile_4_weighted_mean": 0.008157362853996559, "median_household_income_quartile_1_relative_to_average": 1.2002445718112056, "median_household_income_quartile_2_relative_to_average": 0.9498457556578707, "median_household_income_quartile_3_relative_to_average": 0.9213559235541852, "median_household_income_quartile_4_relative_to_average": 0.9019425806716151}, {"Estimate_Total_weighted_mean": 0.008994092355342062, "median_household_income_quartile_1_weighted_mean": 0.010680931688546051, "median_household_income_quartile_2_weighted_mean": 0.008585990837608271, "median_household_income_quartile_3_weighted_mean": 0.00831305407414738, "median_household_income_quartile_4_weighted_mean": 0.008174037624753789, "median_household_income_quartile_1_relative_to_average": 1.1875497011326648, "median_household_income_quartile_2_relative_to_average": 0.9546256029390895, "median_household_income_quartile_3_relative_to_average": 0.92427937647425, "median_household_income_quartile_4_relative_to_average": 0.9088229586500521}, {"Estimate_Total_weighted_mean": 0.008982388885708696, "median_household_income_quartile_1_weighted_mean": 0.010634611202174018, "median_household_income_quartile_2_weighted_mean": 0.008561848092123544, "median_household_income_quartile_3_weighted_mean": 0.008351452810830561, "median_household_income_quartile_4_weighted_mean": 0.008158421365891667, "median_household_income_quartile_1_relative_to_average": 1.1839401897967328, "median_household_income_quartile_2_relative_to_average": 0.9531816314194269, "median_household_income_quartile_3_relative_to_average": 0.9297585438677702,